{"name":"Untitled","type":"dark","semanticHighlighting":true,"semanticTokenColors":{"enumMember":{"foreground":"#56b6c2"},"variable.constant":{"foreground":"#d19a66"},"variable.defaultLibrary":{"foreground":"#e5c07b"}},"tokenColors":[{"name":"unison punctuation","scope":"punctuation.definition.delayed.unison,punctuation.definition.list.begin.unison,punctuation.definition.list.end.unison,punctuation.definition.ability.begin.unison,punctuation.definition.ability.end.unison,punctuation.operator.assignment.as.unison,punctuation.separator.pipe.unison,punctuation.separator.delimiter.unison,punctuation.definition.hash.unison","settings":{"foreground":"#e06c75"}},{"name":"haskell variable generic-type","scope":"variable.other.generic-type.haskell","settings":{"foreground":"#c678dd"}},{"name":"haskell storage type","scope":"storage.type.haskell","settings":{"foreground":"#d19a66"}},{"name":"support.variable.magic.python","scope":"support.variable.magic.python","settings":{"foreground":"#e06c75"}},{"name":"punctuation.separator.parameters.python","scope":"punctuation.separator.period.python,punctuation.separator.element.python,punctuation.parenthesis.begin.python,punctuation.parenthesis.end.python","settings":{"foreground":"#d4d4d4"}},{"name":"variable.parameter.function.language.special.self.python","scope":"variable.parameter.function.language.special.self.python","settings":{"foreground":"#e5c07b"}},{"name":"storage.modifier.lifetime.rust","scope":"storage.modifier.lifetime.rust","settings":{"foreground":"#d4d4d4"}},{"name":"support.function.std.rust","scope":"support.function.std.rust","settings":{"foreground":"#61afef"}},{"name":"entity.name.lifetime.rust","scope":"entity.name.lifetime.rust","settings":{"foreground":"#e5c07b"}},{"name":"variable.language.rust","scope":"variable.language.rust","settings":{"foreground":"#e06c75"}},{"name":"support.constant.edge","scope":"support.constant.edge","settings":{"foreground":"#c678dd"}},{"name":"regexp constant character-class","scope":"constant.other.character-class.regexp","settings":{"foreground":"#e06c75"}},{"name":"regexp operator.quantifier","scope":"keyword.operator.quantifier.regexp","settings":{"foreground":"#d19a66"}},{"name":"punctuation.definition","scope":"punctuation.definition.string.begin,punctuation.definition.string.end","settings":{"foreground":"#98c379"}},{"name":"Text","scope":"variable.parameter.function","settings":{"foreground":"#d4d4d4"}},{"name":"Comment Markup Link","scope":"comment markup.link","settings":{"foreground":"#7f848e"}},{"name":"markup diff","scope":"markup.changed.diff","settings":{"foreground":"#e5c07b"}},{"name":"diff","scope":"meta.diff.header.from-file,meta.diff.header.to-file,punctuation.definition.from-file.diff,punctuation.definition.to-file.diff","settings":{"foreground":"#61afef"}},{"name":"inserted.diff","scope":"markup.inserted.diff","settings":{"foreground":"#98c379"}},{"name":"deleted.diff","scope":"markup.deleted.diff","settings":{"foreground":"#e06c75"}},{"name":"c++ function","scope":"meta.function.c,meta.function.cpp","settings":{"foreground":"#e06c75"}},{"name":"c++ block","scope":"punctuation.section.block.begin.bracket.curly.cpp,punctuation.section.block.end.bracket.curly.cpp,punctuation.terminator.statement.c,punctuation.section.block.begin.bracket.curly.c,punctuation.section.block.end.bracket.curly.c,punctuation.section.parens.begin.bracket.round.c,punctuation.section.parens.end.bracket.round.c,punctuation.section.parameters.begin.bracket.round.c,punctuation.section.parameters.end.bracket.round.c","settings":{"foreground":"#d4d4d4"}},{"name":"js/ts punctuation separator key-value","scope":"punctuation.separator.key-value","settings":{"foreground":"#d4d4d4"}},{"name":"js/ts import keyword","scope":"keyword.operator.expression.import","settings":{"foreground":"#61afef"}},{"name":"math js/ts","scope":"support.constant.math","settings":{"foreground":"#e5c07b"}},{"name":"math property js/ts","scope":"support.constant.property.math","settings":{"foreground":"#d19a66"}},{"name":"js/ts variable.other.constant","scope":"variable.other.constant","settings":{"foreground":"#e5c07b"}},{"name":"java type","scope":["storage.type.annotation.java","storage.type.object.array.java"],"settings":{"foreground":"#e5c07b"}},{"name":"java source","scope":"source.java","settings":{"foreground":"#e06c75"}},{"name":"java modifier.import","scope":"punctuation.section.block.begin.java,punctuation.section.block.end.java,punctuation.definition.method-parameters.begin.java,punctuation.definition.method-parameters.end.java,meta.method.identifier.java,punctuation.section.method.begin.java,punctuation.section.method.end.java,punctuation.terminator.java,punctuation.section.class.begin.java,punctuation.section.class.end.java,punctuation.section.inner-class.begin.java,punctuation.section.inner-class.end.java,meta.method-call.java,punctuation.section.class.begin.bracket.curly.java,punctuation.section.class.end.bracket.curly.java,punctuation.section.method.begin.bracket.curly.java,punctuation.section.method.end.bracket.curly.java,punctuation.separator.period.java,punctuation.bracket.angle.java,punctuation.definition.annotation.java,meta.method.body.java","settings":{"foreground":"#d4d4d4"}},{"name":"java modifier.import","scope":"meta.method.java","settings":{"foreground":"#61afef"}},{"name":"java modifier.import","scope":"storage.modifier.import.java,storage.type.java,storage.type.generic.java","settings":{"foreground":"#e5c07b"}},{"name":"java instanceof","scope":"keyword.operator.instanceof.java","settings":{"foreground":"#c678dd"}},{"name":"java variable.name","scope":"meta.definition.variable.name.java","settings":{"foreground":"#e06c75"}},{"name":"operator logical","scope":"keyword.operator.logical","settings":{"foreground":"#56b6c2"}},{"name":"operator bitwise","scope":"keyword.operator.bitwise","settings":{"foreground":"#56b6c2"}},{"name":"operator channel","scope":"keyword.operator.channel","settings":{"foreground":"#56b6c2"}},{"name":"support.constant.property-value.scss","scope":"support.constant.property-value.scss,support.constant.property-value.css","settings":{"foreground":"#d19a66"}},{"name":"CSS/SCSS/LESS Operators","scope":"keyword.operator.css,keyword.operator.scss,keyword.operator.less","settings":{"foreground":"#56b6c2"}},{"name":"css color standard name","scope":"support.constant.color.w3c-standard-color-name.css,support.constant.color.w3c-standard-color-name.scss","settings":{"foreground":"#d19a66"}},{"name":"css comma","scope":"punctuation.separator.list.comma.css","settings":{"foreground":"#d4d4d4"}},{"name":"css attribute-name.id","scope":"support.constant.color.w3c-standard-color-name.css","settings":{"foreground":"#d19a66"}},{"name":"css property-name","scope":"support.type.vendored.property-name.css","settings":{"foreground":"#56b6c2"}},{"name":"js/ts module","scope":"support.module.node,support.type.object.module,support.module.node","settings":{"foreground":"#e5c07b"}},{"name":"entity.name.type.module","scope":"entity.name.type.module","settings":{"foreground":"#e5c07b"}},{"name":"js variable readwrite","scope":"variable.other.readwrite,meta.object-literal.key,support.variable.property,support.variable.object.process,support.variable.object.node","settings":{"foreground":"#e06c75"}},{"name":"js/ts json","scope":"support.constant.json","settings":{"foreground":"#d19a66"}},{"name":"js/ts Keyword","scope":["keyword.operator.expression.instanceof","keyword.operator.new","keyword.operator.ternary","keyword.operator.optional","keyword.operator.expression.keyof"],"settings":{"foreground":"#c678dd"}},{"name":"js/ts console","scope":"support.type.object.console","settings":{"foreground":"#e06c75"}},{"name":"js/ts support.variable.property.process","scope":"support.variable.property.process","settings":{"foreground":"#d19a66"}},{"name":"js console function","scope":"entity.name.function,support.function.console","settings":{"foreground":"#61afef"}},{"name":"keyword.operator.misc.rust","scope":"keyword.operator.misc.rust","settings":{"foreground":"#d4d4d4"}},{"name":"keyword.operator.sigil.rust","scope":"keyword.operator.sigil.rust","settings":{"foreground":"#c678dd"}},{"name":"operator","scope":"keyword.operator.delete","settings":{"foreground":"#c678dd"}},{"name":"js dom","scope":"support.type.object.dom","settings":{"foreground":"#56b6c2"}},{"name":"js dom variable","scope":"support.variable.dom,support.variable.property.dom","settings":{"foreground":"#e06c75"}},{"name":"keyword.operator","scope":"keyword.operator.arithmetic,keyword.operator.comparison,keyword.operator.decrement,keyword.operator.increment,keyword.operator.relational","settings":{"foreground":"#56b6c2"}},{"name":"C operator assignment","scope":"keyword.operator.assignment.c,keyword.operator.comparison.c,keyword.operator.c,keyword.operator.increment.c,keyword.operator.decrement.c,keyword.operator.bitwise.shift.c,keyword.operator.assignment.cpp,keyword.operator.comparison.cpp,keyword.operator.cpp,keyword.operator.increment.cpp,keyword.operator.decrement.cpp,keyword.operator.bitwise.shift.cpp","settings":{"foreground":"#c678dd"}},{"name":"Punctuation","scope":"punctuation.separator.delimiter","settings":{"foreground":"#d4d4d4"}},{"name":"Other punctuation .c","scope":"punctuation.separator.c,punctuation.separator.cpp","settings":{"foreground":"#c678dd"}},{"name":"C type posix-reserved","scope":"support.type.posix-reserved.c,support.type.posix-reserved.cpp","settings":{"foreground":"#56b6c2"}},{"name":"keyword.operator.sizeof.c","scope":"keyword.operator.sizeof.c,keyword.operator.sizeof.cpp","settings":{"foreground":"#c678dd"}},{"name":"python parameter","scope":"variable.parameter.function.language.python","settings":{"foreground":"#d19a66"}},{"name":"python type","scope":"support.type.python","settings":{"foreground":"#56b6c2"}},{"name":"python logical","scope":"keyword.operator.logical.python","settings":{"foreground":"#c678dd"}},{"name":"pyCs","scope":"variable.parameter.function.python","settings":{"foreground":"#d19a66"}},{"name":"python block","scope":"punctuation.definition.arguments.begin.python,punctuation.definition.arguments.end.python,punctuation.separator.arguments.python,punctuation.definition.list.begin.python,punctuation.definition.list.end.python","settings":{"foreground":"#d4d4d4"}},{"name":"python function-call.generic","scope":"meta.function-call.generic.python","settings":{"foreground":"#61afef"}},{"name":"python placeholder reset to normal string","scope":"constant.character.format.placeholder.other.python","settings":{"foreground":"#d19a66"}},{"name":"Operators","scope":"keyword.operator","settings":{"foreground":"#d4d4d4"}},{"name":"Compound Assignment Operators","scope":"keyword.operator.assignment.compound","settings":{"foreground":"#c678dd"}},{"name":"Compound Assignment Operators js/ts","scope":"keyword.operator.assignment.compound.js,keyword.operator.assignment.compound.ts","settings":{"foreground":"#56b6c2"}},{"name":"Keywords","scope":"keyword","settings":{"foreground":"#c678dd"}},{"name":"Namespaces","scope":"entity.name.namespace","settings":{"foreground":"#e5c07b"}},{"name":"Variables","scope":"variable","settings":{"foreground":"#e06c75"}},{"name":"Variables","scope":"variable.c","settings":{"foreground":"#d4d4d4"}},{"name":"Language variables","scope":"variable.language","settings":{"foreground":"#e5c07b"}},{"name":"Java Variables","scope":"token.variable.parameter.java","settings":{"foreground":"#d4d4d4"}},{"name":"Java Imports","scope":"import.storage.java","settings":{"foreground":"#e5c07b"}},{"name":"Packages","scope":"token.package.keyword","settings":{"foreground":"#c678dd"}},{"name":"Packages","scope":"token.package","settings":{"foreground":"#d4d4d4"}},{"name":"Functions","scope":["entity.name.function","meta.require","support.function.any-method","variable.function"],"settings":{"foreground":"#61afef"}},{"name":"Classes","scope":"entity.name.type.namespace","settings":{"foreground":"#e5c07b"}},{"name":"Classes","scope":"support.class, entity.name.type.class","settings":{"foreground":"#e5c07b"}},{"name":"Class name","scope":"entity.name.class.identifier.namespace.type","settings":{"foreground":"#e5c07b"}},{"name":"Class name","scope":["entity.name.class","variable.other.class.js","variable.other.class.ts"],"settings":{"foreground":"#e5c07b"}},{"name":"Class name php","scope":"variable.other.class.php","settings":{"foreground":"#e06c75"}},{"name":"Type Name","scope":"entity.name.type","settings":{"foreground":"#e5c07b"}},{"name":"Keyword Control","scope":"keyword.control","settings":{"foreground":"#c678dd"}},{"name":"Control Elements","scope":"control.elements, keyword.operator.less","settings":{"foreground":"#d19a66"}},{"name":"Methods","scope":"keyword.other.special-method","settings":{"foreground":"#61afef"}},{"name":"Storage","scope":"storage","settings":{"foreground":"#c678dd"}},{"name":"Storage JS TS","scope":"token.storage","settings":{"foreground":"#c678dd"}},{"name":"Source Js Keyword Operator Delete,source Js Keyword Operator In,source Js Keyword Operator Of,source Js Keyword Operator Instanceof,source Js Keyword Operator New,source Js Keyword Operator Typeof,source Js Keyword Operator Void","scope":"keyword.operator.expression.delete,keyword.operator.expression.in,keyword.operator.expression.of,keyword.operator.expression.instanceof,keyword.operator.new,keyword.operator.expression.typeof,keyword.operator.expression.void","settings":{"foreground":"#c678dd"}},{"name":"Java Storage","scope":"token.storage.type.java","settings":{"foreground":"#e5c07b"}},{"name":"Support","scope":"support.function","settings":{"foreground":"#56b6c2"}},{"name":"Support type","scope":"support.type.property-name","settings":{"foreground":"#d4d4d4"}},{"name":"Support type","scope":"support.constant.property-value","settings":{"foreground":"#d4d4d4"}},{"name":"Support type","scope":"support.constant.font-name","settings":{"foreground":"#d19a66"}},{"name":"Meta tag","scope":"meta.tag","settings":{"foreground":"#d4d4d4"}},{"name":"Strings","scope":"string","settings":{"foreground":"#98c379"}},{"name":"Inherited Class","scope":"entity.other.inherited-class","settings":{"foreground":"#e5c07b"}},{"name":"Constant other symbol","scope":"constant.other.symbol","settings":{"foreground":"#56b6c2"}},{"name":"Integers","scope":"constant.numeric","settings":{"foreground":"#d19a66"}},{"name":"Constants","scope":"constant","settings":{"foreground":"#d19a66"}},{"name":"Constants","scope":"punctuation.definition.constant","settings":{"foreground":"#d19a66"}},{"name":"Tags","scope":"entity.name.tag","settings":{"foreground":"#e06c75"}},{"name":"Attributes","scope":"entity.other.attribute-name","settings":{"foreground":"#d19a66"}},{"name":"Attribute IDs","scope":"entity.other.attribute-name.id","settings":{"fontStyle":"normal","foreground":"#61afef"}},{"name":"Attribute class","scope":"entity.other.attribute-name.class.css","settings":{"fontStyle":"normal","foreground":"#d19a66"}},{"name":"Selector","scope":"meta.selector","settings":{"foreground":"#c678dd"}},{"name":"Headings","scope":"markup.heading","settings":{"foreground":"#e06c75"}},{"name":"Headings","scope":"markup.heading punctuation.definition.heading, entity.name.section","settings":{"foreground":"#61afef"}},{"name":"Units","scope":"keyword.other.unit","settings":{"foreground":"#e06c75"}},{"name":"Bold","scope":"markup.bold,todo.bold","settings":{"foreground":"#d19a66"}},{"name":"Bold","scope":"punctuation.definition.bold","settings":{"foreground":"#e5c07b"}},{"name":"markup Italic","scope":"markup.italic, punctuation.definition.italic,todo.emphasis","settings":{"foreground":"#c678dd"}},{"name":"emphasis md","scope":"emphasis md","settings":{"foreground":"#c678dd"}},{"name":"[VSCODE-CUSTOM] Markdown headings","scope":"entity.name.section.markdown","settings":{"foreground":"#e06c75"}},{"name":"[VSCODE-CUSTOM] Markdown heading Punctuation Definition","scope":"punctuation.definition.heading.markdown","settings":{"foreground":"#e06c75"}},{"name":"punctuation.definition.list.begin.markdown","scope":"punctuation.definition.list.begin.markdown","settings":{"foreground":"#e06c75"}},{"name":"[VSCODE-CUSTOM] Markdown heading setext","scope":"markup.heading.setext","settings":{"foreground":"#d4d4d4"}},{"name":"[VSCODE-CUSTOM] Markdown Punctuation Definition Bold","scope":"punctuation.definition.bold.markdown","settings":{"foreground":"#d19a66"}},{"name":"[VSCODE-CUSTOM] Markdown Inline Raw","scope":"markup.inline.raw.markdown","settings":{"foreground":"#98c379"}},{"name":"[VSCODE-CUSTOM] Markdown Inline Raw","scope":"markup.inline.raw.string.markdown","settings":{"foreground":"#98c379"}},{"name":"[VSCODE-CUSTOM] Markdown List Punctuation Definition","scope":"punctuation.definition.list.markdown","settings":{"foreground":"#e06c75"}},{"name":"[VSCODE-CUSTOM] Markdown Punctuation Definition String","scope":["punctuation.definition.string.begin.markdown","punctuation.definition.string.end.markdown","punctuation.definition.metadata.markdown"],"settings":{"foreground":"#e06c75"}},{"name":"beginning.punctuation.definition.list.markdown","scope":["beginning.punctuation.definition.list.markdown"],"settings":{"foreground":"#e06c75"}},{"name":"[VSCODE-CUSTOM] Markdown Punctuation Definition Link","scope":"punctuation.definition.metadata.markdown","settings":{"foreground":"#e06c75"}},{"name":"[VSCODE-CUSTOM] Markdown Underline Link/Image","scope":"markup.underline.link.markdown,markup.underline.link.image.markdown","settings":{"foreground":"#c678dd"}},{"name":"[VSCODE-CUSTOM] Markdown Link Title/Description","scope":"string.other.link.title.markdown,string.other.link.description.markdown","settings":{"foreground":"#61afef"}},{"name":"Regular Expressions","scope":"string.regexp","settings":{"foreground":"#56b6c2"}},{"name":"Escape Characters","scope":"constant.character.escape","settings":{"foreground":"#56b6c2"}},{"name":"Embedded","scope":"punctuation.section.embedded, variable.interpolation","settings":{"foreground":"#e06c75"}},{"name":"Embedded","scope":"punctuation.section.embedded.begin,punctuation.section.embedded.end","settings":{"foreground":"#c678dd"}},{"name":"illegal","scope":"invalid.illegal","settings":{"foreground":"#ffffff"}},{"name":"illegal","scope":"invalid.illegal.bad-ampersand.html","settings":{"foreground":"#d4d4d4"}},{"name":"Broken","scope":"invalid.broken","settings":{"foreground":"#ffffff"}},{"name":"Deprecated","scope":"invalid.deprecated","settings":{"foreground":"#ffffff"}},{"name":"Unimplemented","scope":"invalid.unimplemented","settings":{"foreground":"#ffffff"}},{"name":"Source Json Meta Structure Dictionary Json > String Quoted Json","scope":"source.json meta.structure.dictionary.json > string.quoted.json","settings":{"foreground":"#e06c75"}},{"name":"Source Json Meta Structure Dictionary Json > String Quoted Json > Punctuation String","scope":"source.json meta.structure.dictionary.json > string.quoted.json > punctuation.string","settings":{"foreground":"#e06c75"}},{"name":"Source Json Meta Structure Dictionary Json > Value Json > String Quoted Json,source Json Meta Structure Array Json > Value Json > String Quoted Json,source Json Meta Structure Dictionary Json > Value Json > String Quoted Json > Punctuation,source Json Meta Structure Array Json > Value Json > String Quoted Json > Punctuation","scope":"source.json meta.structure.dictionary.json > value.json > string.quoted.json,source.json meta.structure.array.json > value.json > string.quoted.json,source.json meta.structure.dictionary.json > value.json > string.quoted.json > punctuation,source.json meta.structure.array.json > value.json > string.quoted.json > punctuation","settings":{"foreground":"#98c379"}},{"name":"Source Json Meta Structure Dictionary Json > Constant Language Json,source Json Meta Structure Array Json > Constant Language Json","scope":"source.json meta.structure.dictionary.json > constant.language.json,source.json meta.structure.array.json > constant.language.json","settings":{"foreground":"#56b6c2"}},{"name":"[VSCODE-CUSTOM] JSON Property Name","scope":"support.type.property-name.json","settings":{"foreground":"#e06c75"}},{"name":"[VSCODE-CUSTOM] JSON Punctuation for Property Name","scope":"support.type.property-name.json punctuation","settings":{"foreground":"#e06c75"}},{"name":"laravel blade tag","scope":"text.html.laravel-blade source.php.embedded.line.html entity.name.tag.laravel-blade","settings":{"foreground":"#c678dd"}},{"name":"laravel blade @","scope":"text.html.laravel-blade source.php.embedded.line.html support.constant.laravel-blade","settings":{"foreground":"#c678dd"}},{"name":"use statement for other classes","scope":"support.other.namespace.use.php,support.other.namespace.use-as.php,support.other.namespace.php,entity.other.alias.php,meta.interface.php","settings":{"foreground":"#e5c07b"}},{"name":"error suppression","scope":"keyword.operator.error-control.php","settings":{"foreground":"#c678dd"}},{"name":"php instanceof","scope":"keyword.operator.type.php","settings":{"foreground":"#c678dd"}},{"name":"style double quoted array index normal begin","scope":"punctuation.section.array.begin.php","settings":{"foreground":"#d4d4d4"}},{"name":"style double quoted array index normal end","scope":"punctuation.section.array.end.php","settings":{"foreground":"#d4d4d4"}},{"name":"php illegal.non-null-typehinted","scope":"invalid.illegal.non-null-typehinted.php","settings":{"foreground":"#f44747"}},{"name":"php types","scope":"storage.type.php,meta.other.type.phpdoc.php,keyword.other.type.php,keyword.other.array.phpdoc.php","settings":{"foreground":"#e5c07b"}},{"name":"php call-function","scope":"meta.function-call.php,meta.function-call.object.php,meta.function-call.static.php","settings":{"foreground":"#61afef"}},{"name":"php function-resets","scope":"punctuation.definition.parameters.begin.bracket.round.php,punctuation.definition.parameters.end.bracket.round.php,punctuation.separator.delimiter.php,punctuation.section.scope.begin.php,punctuation.section.scope.end.php,punctuation.terminator.expression.php,punctuation.definition.arguments.begin.bracket.round.php,punctuation.definition.arguments.end.bracket.round.php,punctuation.definition.storage-type.begin.bracket.round.php,punctuation.definition.storage-type.end.bracket.round.php,punctuation.definition.array.begin.bracket.round.php,punctuation.definition.array.end.bracket.round.php,punctuation.definition.begin.bracket.round.php,punctuation.definition.end.bracket.round.php,punctuation.definition.begin.bracket.curly.php,punctuation.definition.end.bracket.curly.php,punctuation.definition.section.switch-block.end.bracket.curly.php,punctuation.definition.section.switch-block.start.bracket.curly.php,punctuation.definition.section.switch-block.begin.bracket.curly.php,punctuation.definition.section.switch-block.end.bracket.curly.php","settings":{"foreground":"#d4d4d4"}},{"name":"support php constants","scope":"support.constant.core.rust","settings":{"foreground":"#d19a66"}},{"name":"support php constants","scope":"support.constant.ext.php,support.constant.std.php,support.constant.core.php,support.constant.parser-token.php","settings":{"foreground":"#d19a66"}},{"name":"php goto","scope":"entity.name.goto-label.php,support.other.php","settings":{"foreground":"#61afef"}},{"name":"php logical/bitwise operator","scope":"keyword.operator.logical.php,keyword.operator.bitwise.php,keyword.operator.arithmetic.php","settings":{"foreground":"#56b6c2"}},{"name":"php regexp operator","scope":"keyword.operator.regexp.php","settings":{"foreground":"#c678dd"}},{"name":"php comparison","scope":"keyword.operator.comparison.php","settings":{"foreground":"#56b6c2"}},{"name":"php heredoc/nowdoc","scope":"keyword.operator.heredoc.php,keyword.operator.nowdoc.php","settings":{"foreground":"#c678dd"}},{"name":"python function decorator @","scope":"meta.function.decorator.python","settings":{"foreground":"#61afef"}},{"name":"python function support","scope":"support.token.decorator.python,meta.function.decorator.identifier.python","settings":{"foreground":"#56b6c2"}},{"name":"parameter function js/ts","scope":"function.parameter","settings":{"foreground":"#d4d4d4"}},{"name":"brace function","scope":"function.brace","settings":{"foreground":"#d4d4d4"}},{"name":"parameter function ruby cs","scope":"function.parameter.ruby, function.parameter.cs","settings":{"foreground":"#d4d4d4"}},{"name":"constant.language.symbol.ruby","scope":"constant.language.symbol.ruby","settings":{"foreground":"#56b6c2"}},{"name":"rgb-value","scope":"rgb-value","settings":{"foreground":"#56b6c2"}},{"name":"rgb value","scope":"inline-color-decoration rgb-value","settings":{"foreground":"#d19a66"}},{"name":"rgb value less","scope":"less rgb-value","settings":{"foreground":"#d19a66"}},{"name":"sass selector","scope":"selector.sass","settings":{"foreground":"#e06c75"}},{"name":"ts primitive/builtin types","scope":"support.type.primitive.ts,support.type.builtin.ts,support.type.primitive.tsx,support.type.builtin.tsx","settings":{"foreground":"#e5c07b"}},{"name":"block scope","scope":"block.scope.end,block.scope.begin","settings":{"foreground":"#d4d4d4"}},{"name":"cs storage type","scope":"storage.type.cs","settings":{"foreground":"#e5c07b"}},{"name":"cs local variable","scope":"entity.name.variable.local.cs","settings":{"foreground":"#e06c75"}},{"scope":"token.info-token","settings":{"foreground":"#61afef"}},{"scope":"token.warn-token","settings":{"foreground":"#d19a66"}},{"scope":"token.error-token","settings":{"foreground":"#f44747"}},{"scope":"token.debug-token","settings":{"foreground":"#c678dd"}},{"name":"String interpolation","scope":["punctuation.definition.template-expression.begin","punctuation.definition.template-expression.end","punctuation.section.embedded"],"settings":{"foreground":"#c678dd"}},{"name":"Reset JavaScript string interpolation expression","scope":["meta.template.expression"],"settings":{"foreground":"#d4d4d4"}},{"name":"Import module JS","scope":["keyword.operator.module"],"settings":{"foreground":"#c678dd"}},{"name":"js Flowtype","scope":["support.type.type.flowtype"],"settings":{"foreground":"#61afef"}},{"name":"js Flow","scope":["support.type.primitive"],"settings":{"foreground":"#e5c07b"}},{"name":"js class prop","scope":["meta.property.object"],"settings":{"foreground":"#e06c75"}},{"name":"js func parameter","scope":["variable.parameter.function.js"],"settings":{"foreground":"#e06c75"}},{"name":"js template literals begin","scope":["keyword.other.template.begin"],"settings":{"foreground":"#98c379"}},{"name":"js template literals end","scope":["keyword.other.template.end"],"settings":{"foreground":"#98c379"}},{"name":"js template literals variable braces begin","scope":["keyword.other.substitution.begin"],"settings":{"foreground":"#98c379"}},{"name":"js template literals variable braces end","scope":["keyword.other.substitution.end"],"settings":{"foreground":"#98c379"}},{"name":"js operator.assignment","scope":["keyword.operator.assignment"],"settings":{"foreground":"#56b6c2"}},{"name":"go operator","scope":["keyword.operator.assignment.go"],"settings":{"foreground":"#e5c07b"}},{"name":"go operator","scope":["keyword.operator.arithmetic.go","keyword.operator.address.go"],"settings":{"foreground":"#c678dd"}},{"name":"Go package name","scope":["entity.name.package.go"],"settings":{"foreground":"#e5c07b"}},{"name":"elm prelude","scope":["support.type.prelude.elm"],"settings":{"foreground":"#56b6c2"}},{"name":"elm constant","scope":["support.constant.elm"],"settings":{"foreground":"#d19a66"}},{"name":"template literal","scope":["punctuation.quasi.element"],"settings":{"foreground":"#c678dd"}},{"name":"html/pug (jade) escaped characters and entities","scope":["constant.character.entity"],"settings":{"foreground":"#e06c75"}},{"name":"styling css pseudo-elements/classes to be able to differentiate from classes which are the same colour","scope":["entity.other.attribute-name.pseudo-element","entity.other.attribute-name.pseudo-class"],"settings":{"foreground":"#56b6c2"}},{"name":"Clojure globals","scope":["entity.global.clojure"],"settings":{"foreground":"#e5c07b"}},{"name":"Clojure symbols","scope":["meta.symbol.clojure"],"settings":{"foreground":"#e06c75"}},{"name":"Clojure constants","scope":["constant.keyword.clojure"],"settings":{"foreground":"#56b6c2"}},{"name":"CoffeeScript Function Argument","scope":["meta.arguments.coffee","variable.parameter.function.coffee"],"settings":{"foreground":"#e06c75"}},{"name":"Ini Default Text","scope":["source.ini"],"settings":{"foreground":"#98c379"}},{"name":"Makefile prerequisities","scope":["meta.scope.prerequisites.makefile"],"settings":{"foreground":"#e06c75"}},{"name":"Makefile text colour","scope":["source.makefile"],"settings":{"foreground":"#e5c07b"}},{"name":"Groovy import names","scope":["storage.modifier.import.groovy"],"settings":{"foreground":"#e5c07b"}},{"name":"Groovy Methods","scope":["meta.method.groovy"],"settings":{"foreground":"#61afef"}},{"name":"Groovy Variables","scope":["meta.definition.variable.name.groovy"],"settings":{"foreground":"#e06c75"}},{"name":"Groovy Inheritance","scope":["meta.definition.class.inherited.classes.groovy"],"settings":{"foreground":"#98c379"}},{"name":"HLSL Semantic","scope":["support.variable.semantic.hlsl"],"settings":{"foreground":"#e5c07b"}},{"name":"HLSL Types","scope":["support.type.texture.hlsl","support.type.sampler.hlsl","support.type.object.hlsl","support.type.object.rw.hlsl","support.type.fx.hlsl","support.type.object.hlsl"],"settings":{"foreground":"#c678dd"}},{"name":"SQL Variables","scope":["text.variable","text.bracketed"],"settings":{"foreground":"#e06c75"}},{"name":"types","scope":["support.type.swift","support.type.vb.asp"],"settings":{"foreground":"#e5c07b"}},{"name":"heading 1, keyword","scope":["entity.name.function.xi"],"settings":{"foreground":"#e5c07b"}},{"name":"heading 2, callable","scope":["entity.name.class.xi"],"settings":{"foreground":"#56b6c2"}},{"name":"heading 3, property","scope":["constant.character.character-class.regexp.xi"],"settings":{"foreground":"#e06c75"}},{"name":"heading 4, type, class, interface","scope":["constant.regexp.xi"],"settings":{"foreground":"#c678dd"}},{"name":"heading 5, enums, preprocessor, constant, decorator","scope":["keyword.control.xi"],"settings":{"foreground":"#56b6c2"}},{"name":"heading 6, number","scope":["invalid.xi"],"settings":{"foreground":"#d4d4d4"}},{"name":"string","scope":["beginning.punctuation.definition.quote.markdown.xi"],"settings":{"foreground":"#98c379"}},{"name":"comments","scope":["beginning.punctuation.definition.list.markdown.xi"],"settings":{"foreground":"#7f848e"}},{"name":"link","scope":["constant.character.xi"],"settings":{"foreground":"#61afef"}},{"name":"accent","scope":["accent.xi"],"settings":{"foreground":"#61afef"}},{"name":"wikiword","scope":["wikiword.xi"],"settings":{"foreground":"#d19a66"}},{"name":"language operators like '+', '-' etc","scope":["constant.other.color.rgb-value.xi"],"settings":{"foreground":"#ffffff"}},{"name":"elements to dim","scope":["punctuation.definition.tag.xi"],"settings":{"foreground":"#7f848e"}},{"name":"C++/C#","scope":["entity.name.label.cs","entity.name.scope-resolution.function.call","entity.name.scope-resolution.function.definition"],"settings":{"foreground":"#e5c07b"}},{"name":"Markdown underscore-style headers","scope":["entity.name.label.cs","markup.heading.setext.1.markdown","markup.heading.setext.2.markdown"],"settings":{"foreground":"#e06c75"}},{"name":"meta.brace.square","scope":[" meta.brace.square"],"settings":{"foreground":"#d4d4d4"}},{"name":"Comments","scope":"comment, punctuation.definition.comment","settings":{"fontStyle":"italic","foreground":"#7f848e"}},{"name":"[VSCODE-CUSTOM] Markdown Quote","scope":"markup.quote.markdown","settings":{"foreground":"#7f848e"}},{"name":"punctuation.definition.block.sequence.item.yaml","scope":"punctuation.definition.block.sequence.item.yaml","settings":{"foreground":"#d4d4d4"}},{"scope":["constant.language.symbol.elixir"],"settings":{"foreground":"#56b6c2"}},{"name":"js/ts italic","scope":"entity.other.attribute-name.js,entity.other.attribute-name.ts,entity.other.attribute-name.jsx,entity.other.attribute-name.tsx,variable.parameter,variable.language.super","settings":{"fontStyle":"italic"}},{"name":"comment","scope":"comment.line.double-slash,comment.block.documentation","settings":{"fontStyle":"italic"}},{"name":"Python Keyword Control","scope":"keyword.control.import.python,keyword.control.flow.python","settings":{"fontStyle":"italic"}},{"name":"markup.italic.markdown","scope":"markup.italic.markdown","settings":{"fontStyle":"italic"}}],"colors":{"foreground":"#cccccc","focusBorder":"#007fd4","selection.background":"#256aa7","scrollbar.shadow":"#000000","activityBar.foreground":"#f561b2c9","activityBar.background":"#333333","activityBar.inactiveForeground":"#ffffff66","activityBarBadge.foreground":"#ffffff","activityBarBadge.background":"#007acc","sideBar.background":"#252526","sideBar.foreground":"#cccccc","sideBarSectionHeader.background":"#00000000","sideBarSectionHeader.foreground":"#cccccc","sideBarSectionHeader.border":"#cccccc33","sideBarTitle.foreground":"#bbbbbb","list.inactiveSelectionBackground":"#37373d","list.inactiveSelectionForeground":"#cccccc","list.hoverBackground":"#2a2d2e","list.hoverForeground":"#cccccc","list.activeSelectionBackground":"#094771","list.activeSelectionForeground":"#ffffff","list.dropBackground":"#383b3d","list.highlightForeground":"#0097fb","list.focusBackground":"#062f4a","list.focusForeground":"#cccccc","tree.indentGuidesStroke":"#585858","listFilterWidget.background":"#653723","listFilterWidget.outline":"#00000000","listFilterWidget.noMatchesOutline":"#be1100","statusBar.foreground":"#ffffff","statusBar.background":"#007acc","statusBarItem.hoverBackground":"#ffffff1f","statusBar.debuggingBackground":"#cc6633","statusBar.debuggingForeground":"#ffffff","statusBar.noFolderBackground":"#68217a","statusBar.noFolderForeground":"#ffffff","statusBarItem.remoteBackground":"#16825d","statusBarItem.remoteForeground":"#ffffff","titleBar.activeBackground":"#3c3c3c","titleBar.activeForeground":"#cccccc","titleBar.inactiveBackground":"#3c3c3c99","titleBar.inactiveForeground":"#cccccc99","titleBar.border":"#00000000","menubar.selectionForeground":"#cccccc","menubar.selectionBackground":"#ffffff1a","menu.foreground":"#cccccc","menu.background":"#252526","menu.selectionForeground":"#ffffff","menu.selectionBackground":"#094771","menu.selectionBorder":"#00000000","menu.separatorBackground":"#bbbbbb","menu.border":"#00000085","button.background":"#0e639c","button.foreground":"#ffffff","button.hoverBackground":"#1177bb","button.secondaryForeground":"#ffffff","button.secondaryBackground":"#3a3d41","button.secondaryHoverBackground":"#45494e","input.background":"#3c3c3c","input.border":"#00000000","input.foreground":"#cccccc","inputOption.activeBackground":"#007fd466","inputOption.activeBorder":"#007acc00","inputOption.activeForeground":"#ffffff","input.placeholderForeground":"#a6a6a6","textLink.foreground":"#3794ff","editor.background":"#1e1e1e","editor.foreground":"#d4d4d4","editorLineNumber.foreground":"#858585","editorCursor.foreground":"#aeafad","editorCursor.background":"#000000","editor.selectionBackground":"#264f78","editor.inactiveSelectionBackground":"#3a3d41","editorWhitespace.foreground":"#e3e4e229","editor.selectionHighlightBackground":"#add6ff26","editor.selectionHighlightBorder":"#495F77","editor.findMatchBackground":"#515c6a","editor.findMatchBorder":"#74879f","editor.findMatchHighlightBackground":"#ea5c0055","editor.findMatchHighlightBorder":"#ffffff00","editor.findRangeHighlightBackground":"#3a3d4166","editor.findRangeHighlightBorder":"#ffffff00","editor.rangeHighlightBackground":"#ffffff0b","editor.rangeHighlightBorder":"#ffffff00","editor.hoverHighlightBackground":"#264f7840","editor.wordHighlightStrongBackground":"#004972b8","editor.wordHighlightBackground":"#575757b8","editor.lineHighlightBackground":"#ffffff0A","editor.lineHighlightBorder":"#282828","editorLineNumber.activeForeground":"#c6c6c6","editorLink.activeForeground":"#4e94ce","editorIndentGuide.background":"#404040","editorIndentGuide.activeBackground":"#707070","editorRuler.foreground":"#5a5a5a","editorBracketMatch.background":"#0064001a","editorBracketMatch.border":"#888888","editor.foldBackground":"#264f784d","editorOverviewRuler.background":"#25252500","editorOverviewRuler.border":"#7f7f7f4d","editorError.foreground":"#f48771","editorError.background":"#B73A3400","editorError.border":"#ffffff00","editorWarning.foreground":"#cca700","editorWarning.background":"#A9904000","editorWarning.border":"#ffffff00","editorInfo.foreground":"#75beff","editorInfo.background":"#4490BF00","editorInfo.border":"#4490BF00","editorGutter.background":"#1e1e1e","editorGutter.modifiedBackground":"#0c7d9d","editorGutter.addedBackground":"#587c0c","editorGutter.deletedBackground":"#94151b","editorGutter.foldingControlForeground":"#c5c5c5","editorCodeLens.foreground":"#999999","editorGroup.border":"#444444","diffEditor.insertedTextBackground":"#9bb95533","diffEditor.removedTextBackground":"#ff000033","diffEditor.border":"#444444","panel.background":"#1e1e1e","panel.border":"#80808059","panelTitle.activeBorder":"#e7e7e7","panelTitle.activeForeground":"#e7e7e7","panelTitle.inactiveForeground":"#e7e7e799","badge.background":"#4d4d4d","badge.foreground":"#ffffff","terminal.foreground":"#cccccc","terminal.selectionBackground":"#ffffff40","terminalCursor.background":"#0087FF","terminalCursor.foreground":"#ffffff","terminal.border":"#80808059","terminal.ansiBlack":"#000000","terminal.ansiBlue":"#2472c8","terminal.ansiBrightBlack":"#666666","terminal.ansiBrightBlue":"#3b8eea","terminal.ansiBrightCyan":"#29b8db","terminal.ansiBrightGreen":"#23d18b","terminal.ansiBrightMagenta":"#d670d6","terminal.ansiBrightRed":"#f14c4c","terminal.ansiBrightWhite":"#e5e5e5","terminal.ansiBrightYellow":"#f5f543","terminal.ansiCyan":"#11a8cd","terminal.ansiGreen":"#0dbc79","terminal.ansiMagenta":"#bc3fbc","terminal.ansiRed":"#cd3131","terminal.ansiWhite":"#e5e5e5","terminal.ansiYellow":"#e5e510","breadcrumb.background":"#1e1e1e","breadcrumb.foreground":"#cccccccc","breadcrumb.focusForeground":"#e0e0e0","editorGroupHeader.tabsBackground":"#252526","tab.activeForeground":"#ffffff","tab.border":"#252526","tab.activeBackground":"#1e1e1e","tab.activeBorder":"#00000000","tab.activeBorderTop":"#00000000","tab.inactiveBackground":"#2d2d2d","tab.inactiveForeground":"#ffffff80","scrollbarSlider.background":"#79797966","scrollbarSlider.hoverBackground":"#646464b3","scrollbarSlider.activeBackground":"#bfbfbf66","progressBar.background":"#0e70c0","widget.shadow":"#0000005c","editorWidget.foreground":"#cccccc","editorWidget.background":"#252526","editorWidget.resizeBorder":"#5F5F5F","pickerGroup.border":"#3f3f46","pickerGroup.foreground":"#3794ff","debugToolBar.background":"#333333","debugToolBar.border":"#474747","notifications.foreground":"#cccccc","notifications.background":"#252526","notificationToast.border":"#474747","notificationsErrorIcon.foreground":"#f48771","notificationsWarningIcon.foreground":"#cca700","notificationsInfoIcon.foreground":"#75beff","notificationCenter.border":"#474747","notificationCenterHeader.foreground":"#cccccc","notificationCenterHeader.background":"#303031","notifications.border":"#303031","gitDecoration.addedResourceForeground":"#81b88b","gitDecoration.conflictingResourceForeground":"#6c6cc4","gitDecoration.deletedResourceForeground":"#c74e39","gitDecoration.ignoredResourceForeground":"#8c8c8c","gitDecoration.modifiedResourceForeground":"#e2c08d","gitDecoration.stageDeletedResourceForeground":"#c74e39","gitDecoration.stageModifiedResourceForeground":"#e2c08d","gitDecoration.submoduleResourceForeground":"#8db9e2","gitDecoration.untrackedResourceForeground":"#73c991","editorMarkerNavigation.background":"#2d2d30","editorMarkerNavigationError.background":"#f48771","editorMarkerNavigationWarning.background":"#cca700","editorMarkerNavigationInfo.background":"#75beff","merge.currentHeaderBackground":"#367366","merge.currentContentBackground":"#27403B","merge.incomingHeaderBackground":"#395F8F","merge.incomingContentBackground":"#28384B","merge.commonHeaderBackground":"#383838","merge.commonContentBackground":"#282828","editorSuggestWidget.background":"#252526","editorSuggestWidget.border":"#454545","editorSuggestWidget.foreground":"#d4d4d4","editorSuggestWidget.highlightForeground":"#0097fb","editorSuggestWidget.selectedBackground":"#062f4a","editorHoverWidget.foreground":"#cccccc","editorHoverWidget.background":"#252526","editorHoverWidget.border":"#454545","peekView.border":"#007acc","peekViewEditor.background":"#001f33","peekViewEditorGutter.background":"#001f33","peekViewEditor.matchHighlightBackground":"#ff8f0099","peekViewEditor.matchHighlightBorder":"#ee931e","peekViewResult.background":"#252526","peekViewResult.fileForeground":"#ffffff","peekViewResult.lineForeground":"#bbbbbb","peekViewResult.matchHighlightBackground":"#ea5c004d","peekViewResult.selectionBackground":"#3399ff33","peekViewResult.selectionForeground":"#ffffff","peekViewTitle.background":"#1e1e1e","peekViewTitleDescription.foreground":"#ccccccb3","peekViewTitleLabel.foreground":"#ffffff","icon.foreground":"#cccccc","checkbox.background":"#3c3c3c","checkbox.foreground":"#cccccc","checkbox.border":"#00000000","dropdown.background":"#3c3c3c","dropdown.foreground":"#cccccc","dropdown.border":"#00000000","minimapGutter.addedBackground":"#587c0c","minimapGutter.modifiedBackground":"#0c7d9d","minimapGutter.deletedBackground":"#94151b","minimap.findMatchHighlight":"#515c6a","minimap.selectionHighlight":"#264f78","minimap.errorHighlight":"#f48771","minimap.warningHighlight":"#cca700","minimap.background":"#1e1e1e","sideBar.dropBackground":"#383b3d","editorGroup.emptyBackground":"#1e1e1e","panelSection.border":"#80808059","statusBarItem.activeBackground":"#FFFFFF25","settings.headerForeground":"#cccccc","settings.focusedRowBackground":"#ffffff07","walkThrough.embeddedEditorBackground":"#00000050","breadcrumb.activeSelectionForeground":"#e0e0e0","editorGutter.commentRangeForeground":"#c5c5c5","debugExceptionWidget.background":"#333333","debugExceptionWidget.border":"#474747"}}