{
	"name": "tm",
	"tokenColors": [
		{
			"name": "Comment",
			"scope": [
				"comment",
				"punctuation.definition.comment"
			],
			"settings": {
				"fontStyle": "italic",
				"foreground": "#00f"
			}
		},
		{
			"name": "Variables",
			"scope": [
				"variable",
				"string constant.other.placeholder"
			],
			"settings": {
				"foreground": "#EEFFFF"
			}
		},
		{
			"name": "Colors",
			"scope": [
				"constant.other.color"
			],
			"settings": {
				"foreground": "#ffffff"
			}
		},
		{
			"name": "Invalid",
			"scope": [
				"invalid",
				"invalid.illegal"
			],
			"settings": {
				"foreground": "#FF5370"
			}
		},
		{
			"name": "Keyword, Storage",
			"scope": [
				"keyword",
				"storage.type",
				"storage.modifier"
			],
			"settings": {
				"foreground": "#C792EA"
			}
		},
		{
			"name": "Operator, Misc",
			"scope": [
				"keyword.control",
				"constant.other.color",
				"punctuation",
				"meta.tag",
				"punctuation.definition.tag",
				"punctuation.separator.inheritance.php",
				"punctuation.definition.tag.html",
				"punctuation.definition.tag.begin.html",
				"punctuation.definition.tag.end.html",
				"punctuation.section.embedded",
				"keyword.other.template",
				"keyword.other.substitution"
			],
			"settings": {
				"foreground": "#89DDFF"
			}
		},
		{
			"name": "Tag",
			"scope": [
				"entity.name.tag",
				"meta.tag.sgml",
				"markup.deleted.git_gutter"
			],
			"settings": {
				"foreground": "#f07178"
			}
		},
		{
			"name": "Function, Special Method",
			"scope": [
				"entity.name.function",
				"meta.function-call",
				"variable.function",
				"support.function",
				"keyword.other.special-method"
			],
			"settings": {
				"foreground": "#82AAFF"
			}
		},
		{
			"name": "Block Level Variables",
			"scope": [
				"meta.block variable.other"
			],
			"settings": {
				"foreground": "#f07178"
			}
		},
		{
			"name": "Other Variable, String Link",
			"scope": [
				"support.other.variable",
				"string.other.link"
			],
			"settings": {
				"foreground": "#f07178"
			}
		},
		{
			"name": "Number, Constant, Function Argument, Tag Attribute, Embedded",
			"scope": [
				"constant.numeric",
				"constant.language",
				"support.constant",
				"constant.character",
				"constant.escape",
				"variable.parameter",
				"keyword.other.unit",
				"keyword.other"
			],
			"settings": {
				"foreground": "#F78C6C"
			}
		},
		{
			"name": "String, Symbols, Inherited Class, Markup Heading",
			"scope": [
				"string",
				"constant.other.symbol",
				"constant.other.key",
				"entity.other.inherited-class",
				"markup.heading",
				"markup.inserted.git_gutter",
				"meta.group.braces.curly constant.other.object.key.js string.unquoted.label.js"
			],
			"settings": {
				"foreground": "#C3E88D"
			}
		},
		{
			"name": "Class, Support",
			"scope": [
				"entity.name",
				"support.type",
				"support.class",
				"support.other.namespace.use.php",
				"meta.use.php",
				"support.other.namespace.php",
				"markup.changed.git_gutter",
				"support.type.sys-types"
			],
			"settings": {
				"foreground": "#FFCB6B"
			}
		},
		{
			"name": "Entity Types",
			"scope": [
				"support.type"
			],
			"settings": {
				"foreground": "#B2CCD6"
			}
		},
		{
			"name": "CSS Class and Support",
			"scope": [
				"source.css support.type.property-name",
				"source.sass support.type.property-name",
				"source.scss support.type.property-name",
				"source.less support.type.property-name",
				"source.stylus support.type.property-name",
				"source.postcss support.type.property-name"
			],
			"settings": {
				"foreground": "#B2CCD6"
			}
		},
		{
			"name": "Sub-methods",
			"scope": [
				"entity.name.module.js",
				"variable.import.parameter.js",
				"variable.other.class.js"
			],
			"settings": {
				"foreground": "#FF5370"
			}
		},
		{
			"name": "Language methods",
			"scope": [
				"variable.language"
			],
			"settings": {
				"fontStyle": "italic",
				"foreground": "#FF5370"
			}
		},
		{
			"name": "entity.name.method.js",
			"scope": [
				"entity.name.method.js"
			],
			"settings": {
				"fontStyle": "italic",
				"foreground": "#82AAFF"
			}
		},
		{
			"name": "meta.method.js",
			"scope": [
				"meta.class-method.js entity.name.function.js",
				"variable.function.constructor"
			],
			"settings": {
				"foreground": "#82AAFF"
			}
		},
		{
			"name": "Attributes",
			"scope": [
				"entity.other.attribute-name"
			],
			"settings": {
				"foreground": "#C792EA"
			}
		},
		{
			"name": "HTML Attributes",
			"scope": [
				"text.html.basic entity.other.attribute-name.html",
				"text.html.basic entity.other.attribute-name"
			],
			"settings": {
				"fontStyle": "italic",
				"foreground": "#FFCB6B"
			}
		},
		{
			"name": "CSS Classes",
			"scope": [
				"entity.other.attribute-name.class"
			],
			"settings": {
				"foreground": "#FFCB6B"
			}
		},
		{
			"name": "CSS ID's",
			"scope": [
				"source.sass keyword.control"
			],
			"settings": {
				"foreground": "#82AAFF"
			}
		},
		{
			"name": "Inserted",
			"scope": [
				"markup.inserted"
			],
			"settings": {
				"foreground": "#C3E88D"
			}
		},
		{
			"name": "Deleted",
			"scope": [
				"markup.deleted"
			],
			"settings": {
				"foreground": "#FF5370"
			}
		},
		{
			"name": "Changed",
			"scope": [
				"markup.changed"
			],
			"settings": {
				"foreground": "#C792EA"
			}
		},
		{
			"name": "Regular Expressions",
			"scope": [
				"string.regexp"
			],
			"settings": {
				"foreground": "#89DDFF"
			}
		},
		{
			"name": "Escape Characters",
			"scope": [
				"constant.character.escape"
			],
			"settings": {
				"foreground": "#89DDFF"
			}
		},
		{
			"name": "URL",
			"scope": [
				"*url*",
				"*link*",
				"*uri*"
			],
			"settings": {
				"fontStyle": "underline"
			}
		},
		{
			"name": "Decorators",
			"scope": [
				"tag.decorator.js entity.name.tag.js",
				"tag.decorator.js punctuation.definition.tag.js"
			],
			"settings": {
				"fontStyle": "italic",
				"foreground": "#82AAFF"
			}
		},
		{
			"name": "ES7 Bind Operator",
			"scope": [
				"source.js constant.other.object.key.js string.unquoted.label.js"
			],
			"settings": {
				"fontStyle": "italic",
				"foreground": "#FF5370"
			}
		},
		{
			"name": "JSON Key - Level 0",
			"scope": [
				"source.json meta.structure.dictionary.json support.type.property-name.json"
			],
			"settings": {
				"foreground": "#C792EA"
			}
		},
		{
			"name": "JSON Key - Level 1",
			"scope": [
				"source.json meta.structure.dictionary.json meta.structure.dictionary.value.json meta.structure.dictionary.json support.type.property-name.json"
			],
			"settings": {
				"foreground": "#FFCB6B"
			}
		},
		{
			"name": "JSON Key - Level 2",
			"scope": [
				"source.json meta.structure.dictionary.json meta.structure.dictionary.value.json meta.structure.dictionary.json meta.structure.dictionary.value.json meta.structure.dictionary.json support.type.property-name.json"
			],
			"settings": {
				"foreground": "#F78C6C"
			}
		},
		{
			"name": "JSON Key - Level 3",
			"scope": [
				"source.json meta.structure.dictionary.json meta.structure.dictionary.value.json meta.structure.dictionary.json meta.structure.dictionary.value.json meta.structure.dictionary.json meta.structure.dictionary.value.json meta.structure.dictionary.json support.type.property-name.json"
			],
			"settings": {
				"foreground": "#FF5370"
			}
		},
		{
			"name": "JSON Key - Level 4",
			"scope": [
				"source.json meta.structure.dictionary.json meta.structure.dictionary.value.json meta.structure.dictionary.json meta.structure.dictionary.value.json meta.structure.dictionary.json meta.structure.dictionary.value.json meta.structure.dictionary.json meta.structure.dictionary.value.json meta.structure.dictionary.json support.type.property-name.json"
			],
			"settings": {
				"foreground": "#C17E70"
			}
		},
		{
			"name": "JSON Key - Level 5",
			"scope": [
				"source.json meta.structure.dictionary.json meta.structure.dictionary.value.json meta.structure.dictionary.json meta.structure.dictionary.value.json meta.structure.dictionary.json meta.structure.dictionary.value.json meta.structure.dictionary.json meta.structure.dictionary.value.json meta.structure.dictionary.json meta.structure.dictionary.value.json meta.structure.dictionary.json support.type.property-name.json"
			],
			"settings": {
				"foreground": "#82AAFF"
			}
		},
		{
			"name": "JSON Key - Level 6",
			"scope": [
				"source.json meta.structure.dictionary.json meta.structure.dictionary.value.json meta.structure.dictionary.json meta.structure.dictionary.value.json meta.structure.dictionary.json meta.structure.dictionary.value.json meta.structure.dictionary.json meta.structure.dictionary.value.json meta.structure.dictionary.json meta.structure.dictionary.value.json meta.structure.dictionary.json meta.structure.dictionary.value.json meta.structure.dictionary.json support.type.property-name.json"
			],
			"settings": {
				"foreground": "#f07178"
			}
		},
		{
			"name": "JSON Key - Level 7",
			"scope": [
				"source.json meta.structure.dictionary.json meta.structure.dictionary.value.json meta.structure.dictionary.json meta.structure.dictionary.value.json meta.structure.dictionary.json meta.structure.dictionary.value.json meta.structure.dictionary.json meta.structure.dictionary.value.json meta.structure.dictionary.json meta.structure.dictionary.value.json meta.structure.dictionary.json meta.structure.dictionary.value.json meta.structure.dictionary.json meta.structure.dictionary.value.json meta.structure.dictionary.json support.type.property-name.json"
			],
			"settings": {
				"foreground": "#C792EA"
			}
		},
		{
			"name": "JSON Key - Level 8",
			"scope": [
				"source.json meta.structure.dictionary.json meta.structure.dictionary.value.json meta.structure.dictionary.json meta.structure.dictionary.value.json meta.structure.dictionary.json meta.structure.dictionary.value.json meta.structure.dictionary.json meta.structure.dictionary.value.json meta.structure.dictionary.json meta.structure.dictionary.value.json meta.structure.dictionary.json meta.structure.dictionary.value.json meta.structure.dictionary.json meta.structure.dictionary.value.json meta.structure.dictionary.json meta.structure.dictionary.value.json meta.structure.dictionary.json support.type.property-name.json"
			],
			"settings": {
				"foreground": "#C3E88D"
			}
		},
		{
			"name": "Markdown - Plain",
			"scope": [
				"text.html.markdown",
				"punctuation.definition.list_item.markdown"
			],
			"settings": {
				"foreground": "#EEFFFF"
			}
		},
		{
			"name": "Markdown - Markup Raw Inline",
			"scope": [
				"text.html.markdown markup.inline.raw.markdown"
			],
			"settings": {
				"foreground": "#C792EA"
			}
		},
		{
			"name": "Markdown - Markup Raw Inline Punctuation",
			"scope": [
				"text.html.markdown markup.inline.raw.markdown punctuation.definition.raw.markdown"
			],
			"settings": {
				"foreground": "#65737E"
			}
		},
		{
			"name": "Markdown - Heading",
			"scope": [
				"markdown.heading",
				"markup.heading | markup.heading entity.name",
				"markup.heading.markdown punctuation.definition.heading.markdown"
			],
			"settings": {
				"foreground": "#C3E88D"
			}
		},
		{
			"name": "Markup - Italic",
			"scope": [
				"markup.italic"
			],
			"settings": {
				"fontStyle": "italic",
				"foreground": "#f07178"
			}
		},
		{
			"name": "Markup - Bold",
			"scope": [
				"markup.bold",
				"markup.bold string"
			],
			"settings": {
				"fontStyle": "bold",
				"foreground": "#f07178"
			}
		},
		{
			"name": "Markup - Bold-Italic",
			"scope": [
				"markup.bold markup.italic",
				"markup.italic markup.bold",
				"markup.quote markup.bold",
				"markup.bold markup.italic string",
				"markup.italic markup.bold string",
				"markup.quote markup.bold string"
			],
			"settings": {
				"fontStyle": "bold",
				"foreground": "#f07178"
			}
		},
		{
			"name": "Markup - Underline",
			"scope": [
				"markup.underline"
			],
			"settings": {
				"fontStyle": "underline",
				"foreground": "#F78C6C"
			}
		},
		{
			"name": "Markdown - Blockquote",
			"scope": [
				"markup.quote punctuation.definition.blockquote.markdown"
			],
			"settings": {
				"foreground": "#65737E"
			}
		},
		{
			"name": "Markup - Quote",
			"scope": [
				"markup.quote"
			],
			"settings": {
				"fontStyle": "italic"
			}
		},
		{
			"name": "Markdown - Link",
			"scope": [
				"string.other.link.title.markdown"
			],
			"settings": {
				"foreground": "#82AAFF"
			}
		},
		{
			"name": "Markdown - Link Description",
			"scope": [
				"string.other.link.description.title.markdown"
			],
			"settings": {
				"foreground": "#C792EA"
			}
		},
		{
			"name": "Markdown - Link Anchor",
			"scope": [
				"constant.other.reference.link.markdown"
			],
			"settings": {
				"foreground": "#FFCB6B"
			}
		},
		{
			"name": "Markup - Raw Block",
			"scope": [
				"markup.raw.block"
			],
			"settings": {
				"foreground": "#C792EA"
			}
		},
		{
			"name": "Markdown - Raw Block Fenced",
			"scope": [
				"markup.raw.block.fenced.markdown"
			],
			"settings": {
				"foreground": "#00000050"
			}
		},
		{
			"name": "Markdown - Fenced Bode Block",
			"scope": [
				"punctuation.definition.fenced.markdown"
			],
			"settings": {
				"foreground": "#00000050"
			}
		},
		{
			"name": "Markdown - Fenced Bode Block Variable",
			"scope": [
				"markup.raw.block.fenced.markdown",
				"variable.language.fenced.markdown",
				"punctuation.section.class.end"
			],
			"settings": {
				"foreground": "#EEFFFF"
			}
		},
		{
			"name": "Markdown - Fenced Language",
			"scope": [
				"variable.language.fenced.markdown"
			],
			"settings": {
				"foreground": "#65737E"
			}
		},
		{
			"name": "Markdown - Separator",
			"scope": [
				"meta.separator"
			],
			"settings": {
				"fontStyle": "bold",
				"foreground": "#65737E"
			}
		},
		{
			"name": "Markup - Table",
			"scope": [
				"markup.table"
			],
			"settings": {
				"foreground": "#EEFFFF"
			}
		}
	],
	
	"colors": {
		"foreground": "#cccccc",
		"focusBorder": "#007fd4",
		"selection.background": "#256aa7",
		"scrollbar.shadow": "#000000",
		"activityBar.foreground": "#ffffff",
		"activityBar.background": "#333333",
		"activityBar.inactiveForeground": "#ffffff66",
		"activityBarBadge.foreground": "#ffffff",
		"activityBarBadge.background": "#007acc",
		"sideBar.background": "#252526",
		"sideBar.foreground": "#cccccc",
		"sideBarSectionHeader.background": "#00000000",
		"sideBarSectionHeader.foreground": "#cccccc",
		"sideBarSectionHeader.border": "#cccccc33",
		"sideBarTitle.foreground": "#bbbbbb",
		"list.inactiveSelectionBackground": "#37373d",
		"list.inactiveSelectionForeground": "#cccccc",
		"list.hoverBackground": "#2a2d2e",
		"list.hoverForeground": "#cccccc",
		"list.activeSelectionBackground": "#094771",
		"list.activeSelectionForeground": "#ffffff",
		"tree.indentGuidesStroke": "#585858",
		"list.dropBackground": "#383b3d",
		"list.highlightForeground": "#0097fb",
		"list.focusBackground": "#062f4a",
		"list.focusForeground": "#cccccc",
		"listFilterWidget.background": "#653723",
		"listFilterWidget.outline": "#00000000",
		"listFilterWidget.noMatchesOutline": "#be1100",
		"statusBar.foreground": "#ffffff",
		"statusBar.background": "#007acc",
		"statusBarItem.hoverBackground": "#ffffff1f",
		"statusBar.debuggingBackground": "#cc6633",
		"statusBar.debuggingForeground": "#ffffff",
		"statusBar.noFolderBackground": "#68217a",
		"statusBar.noFolderForeground": "#ffffff",
		"statusBarItem.remoteBackground": "#16825d",
		"statusBarItem.remoteForeground": "#ffffff",
		"titleBar.activeBackground": "#3c3c3c",
		"titleBar.activeForeground": "#cccccc",
		"titleBar.inactiveBackground": "#3c3c3c99",
		"titleBar.inactiveForeground": "#cccccc99",
		"titleBar.border": "#00000000",
		"menubar.selectionForeground": "#cccccc",
		"menubar.selectionBackground": "#ffffff1a",
		"menu.foreground": "#cccccc",
		"menu.background": "#252526",
		"menu.selectionForeground": "#ffffff",
		"menu.selectionBackground": "#094771",
		"menu.selectionBorder": "#00000000",
		"menu.separatorBackground": "#bbbbbb",
		"menu.border": "#00000085",
		"button.background": "#0e639c",
		"button.foreground": "#ffffff",
		"button.hoverBackground": "#1177bb",
		"button.secondaryForeground": "#ffffff",
		"button.secondaryBackground": "#3a3d41",
		"button.secondaryHoverBackground": "#45494e",
		"input.background": "#3c3c3c",
		"input.border": "#00000000",
		"input.foreground": "#cccccc",
		"inputOption.activeBackground": "#007fd466",
		"inputOption.activeBorder": "#007acc00",
		"inputOption.activeForeground": "#ffffff",
		"input.placeholderForeground": "#a6a6a6",
		"textLink.foreground": "#3794ff",
		"editor.background": "#1e1e1e",
		"editor.foreground": "#d4d4d4",
		"editorLineNumber.foreground": "#858585",
		"editorCursor.foreground": "#aeafad",
		"editorCursor.background": "#000000",
		"editor.selectionBackground": "#264f78",
		"editor.inactiveSelectionBackground": "#3a3d41",
		"editorWhitespace.foreground": "#e3e4e229",
		"editor.selectionHighlightBackground": "#add6ff26",
		"editor.selectionHighlightBorder": "#495F77",
		"editor.findMatchBackground": "#515c6a",
		"editor.findMatchBorder": "#74879f",
		"editor.findMatchHighlightBackground": "#ea5c0055",
		"editor.findMatchHighlightBorder": "#ffffff00",
		"editor.findRangeHighlightBackground": "#3a3d4166",
		"editor.findRangeHighlightBorder": "#ffffff00",
		"editor.rangeHighlightBackground": "#ffffff0b",
		"editor.rangeHighlightBorder": "#ffffff00",
		"editor.hoverHighlightBackground": "#264f7840",
		"editor.wordHighlightStrongBackground": "#004972b8",
		"editor.wordHighlightBackground": "#575757b8",
		"editor.lineHighlightBackground": "#ffffff0A",
		"editor.lineHighlightBorder": "#282828",
		"editorLineNumber.activeForeground": "#c6c6c6",
		"editorLink.activeForeground": "#4e94ce",
		"editorIndentGuide.background": "#404040",
		"editorIndentGuide.activeBackground": "#707070",
		"editorRuler.foreground": "#5a5a5a",
		"editorBracketMatch.background": "#0064001a",
		"editorBracketMatch.border": "#888888",
		"editor.foldBackground": "#264f784d",
		"editorOverviewRuler.background": "#25252500",
		"editorOverviewRuler.border": "#7f7f7f4d",
		"editorError.foreground": "#f48771",
		"editorError.background": "#B73A3400",
		"editorError.border": "#ffffff00",
		"editorWarning.foreground": "#cca700",
		"editorWarning.background": "#A9904000",
		"editorWarning.border": "#ffffff00",
		"editorInfo.foreground": "#75beff",
		"editorInfo.background": "#4490BF00",
		"editorInfo.border": "#4490BF00",
		"editorGutter.background": "#1e1e1e",
		"editorGutter.modifiedBackground": "#0c7d9d",
		"editorGutter.addedBackground": "#587c0c",
		"editorGutter.deletedBackground": "#94151b",
		"editorGutter.foldingControlForeground": "#c5c5c5",
		"editorCodeLens.foreground": "#999999",
		"editorGroup.border": "#444444",
		"diffEditor.insertedTextBackground": "#9bb95533",
		"diffEditor.removedTextBackground": "#ff000033",
		"diffEditor.border": "#444444",
		"panel.background": "#1e1e1e",
		"panel.border": "#80808059",
		"panelTitle.activeBorder": "#e7e7e7",
		"panelTitle.activeForeground": "#e7e7e7",
		"panelTitle.inactiveForeground": "#e7e7e799",
		"badge.background": "#4d4d4d",
		"badge.foreground": "#ffffff",
		"terminal.foreground": "#cccccc",
		"terminal.selectionBackground": "#ffffff40",
		"terminalCursor.background": "#0087FF",
		"terminalCursor.foreground": "#ffffff",
		"terminal.border": "#80808059",
		"terminal.ansiBlack": "#000000",
		"terminal.ansiBlue": "#2472c8",
		"terminal.ansiBrightBlack": "#666666",
		"terminal.ansiBrightBlue": "#3b8eea",
		"terminal.ansiBrightCyan": "#29b8db",
		"terminal.ansiBrightGreen": "#23d18b",
		"terminal.ansiBrightMagenta": "#d670d6",
		"terminal.ansiBrightRed": "#f14c4c",
		"terminal.ansiBrightWhite": "#e5e5e5",
		"terminal.ansiBrightYellow": "#f5f543",
		"terminal.ansiCyan": "#11a8cd",
		"terminal.ansiGreen": "#0dbc79",
		"terminal.ansiMagenta": "#bc3fbc",
		"terminal.ansiRed": "#cd3131",
		"terminal.ansiWhite": "#e5e5e5",
		"terminal.ansiYellow": "#e5e510",
		"breadcrumb.background": "#1e1e1e",
		"breadcrumb.foreground": "#cccccccc",
		"breadcrumb.focusForeground": "#e0e0e0",
		"editorGroupHeader.tabsBackground": "#252526",
		"tab.activeForeground": "#ffffff",
		"tab.border": "#252526",
		"tab.activeBackground": "#1e1e1e",
		"tab.activeBorder": "#00000000",
		"tab.activeBorderTop": "#00000000",
		"tab.inactiveBackground": "#2d2d2d",
		"tab.inactiveForeground": "#ffffff80",
		"scrollbarSlider.background": "#79797966",
		"scrollbarSlider.hoverBackground": "#646464b3",
		"scrollbarSlider.activeBackground": "#bfbfbf66",
		"progressBar.background": "#0e70c0",
		"widget.shadow": "#0000005c",
		"editorWidget.foreground": "#cccccc",
		"editorWidget.background": "#252526",
		"editorWidget.resizeBorder": "#5F5F5F",
		"pickerGroup.border": "#3f3f46",
		"pickerGroup.foreground": "#3794ff",
		"debugToolBar.background": "#333333",
		"debugToolBar.border": "#474747",
		"notifications.foreground": "#cccccc",
		"notifications.background": "#252526",
		"notificationToast.border": "#474747",
		"notificationsErrorIcon.foreground": "#f48771",
		"notificationsWarningIcon.foreground": "#cca700",
		"notificationsInfoIcon.foreground": "#75beff",
		"notificationCenter.border": "#474747",
		"notificationCenterHeader.foreground": "#cccccc",
		"notificationCenterHeader.background": "#303031",
		"notifications.border": "#303031",
		"gitDecoration.addedResourceForeground": "#81b88b",
		"gitDecoration.conflictingResourceForeground": "#6c6cc4",
		"gitDecoration.deletedResourceForeground": "#c74e39",
		"gitDecoration.ignoredResourceForeground": "#8c8c8c",
		"gitDecoration.modifiedResourceForeground": "#e2c08d",
		"gitDecoration.stageDeletedResourceForeground": "#c74e39",
		"gitDecoration.stageModifiedResourceForeground": "#e2c08d",
		"gitDecoration.submoduleResourceForeground": "#8db9e2",
		"gitDecoration.untrackedResourceForeground": "#73c991",
		"editorMarkerNavigation.background": "#2d2d30",
		"editorMarkerNavigationError.background": "#f48771",
		"editorMarkerNavigationWarning.background": "#cca700",
		"editorMarkerNavigationInfo.background": "#75beff",
		"merge.currentHeaderBackground": "#367366",
		"merge.currentContentBackground": "#27403B",
		"merge.incomingHeaderBackground": "#395F8F",
		"merge.incomingContentBackground": "#28384B",
		"merge.commonHeaderBackground": "#383838",
		"merge.commonContentBackground": "#282828",
		"editorSuggestWidget.background": "#252526",
		"editorSuggestWidget.border": "#454545",
		"editorSuggestWidget.foreground": "#d4d4d4",
		"editorSuggestWidget.highlightForeground": "#0097fb",
		"editorSuggestWidget.selectedBackground": "#062f4a",
		"editorHoverWidget.foreground": "#cccccc",
		"editorHoverWidget.background": "#252526",
		"editorHoverWidget.border": "#454545",
		"peekView.border": "#007acc",
		"peekViewEditor.background": "#001f33",
		"peekViewEditorGutter.background": "#001f33",
		"peekViewEditor.matchHighlightBackground": "#ff8f0099",
		"peekViewEditor.matchHighlightBorder": "#ee931e",
		"peekViewResult.background": "#252526",
		"peekViewResult.fileForeground": "#ffffff",
		"peekViewResult.lineForeground": "#bbbbbb",
		"peekViewResult.matchHighlightBackground": "#ea5c004d",
		"peekViewResult.selectionBackground": "#3399ff33",
		"peekViewResult.selectionForeground": "#ffffff",
		"peekViewTitle.background": "#1e1e1e",
		"peekViewTitleDescription.foreground": "#ccccccb3",
		"peekViewTitleLabel.foreground": "#ffffff",
		"icon.foreground": "#cccccc",
		"checkbox.background": "#3c3c3c",
		"checkbox.foreground": "#cccccc",
		"checkbox.border": "#00000000",
		"dropdown.background": "#3c3c3c",
		"dropdown.foreground": "#cccccc",
		"dropdown.border": "#00000000",
		"minimapGutter.addedBackground": "#587c0c",
		"minimapGutter.modifiedBackground": "#0c7d9d",
		"minimapGutter.deletedBackground": "#94151b",
		"minimap.findMatchHighlight": "#515c6a",
		"minimap.selectionHighlight": "#264f78",
		"minimap.errorHighlight": "#f48771",
		"minimap.warningHighlight": "#cca700",
		"minimap.background": "#1e1e1e",
		"sideBar.dropBackground": "#383b3d",
		"editorGroup.emptyBackground": "#1e1e1e",
		"panelSection.border": "#80808059",
		"statusBarItem.activeBackground": "#FFFFFF25",
		"settings.headerForeground": "#cccccc",
		"settings.focusedRowBackground": "#ffffff07",
		"walkThrough.embeddedEditorBackground": "#00000050",
		"breadcrumb.activeSelectionForeground": "#e0e0e0",
		"editorGutter.commentRangeForeground": "#c5c5c5",
		"debugExceptionWidget.background": "#333333",
		"debugExceptionWidget.border": "#474747"
	  }
}